unit,year,vintage,cred_total,cred_mn,cred_me_usd,dep_total,dep_mn,dep_me_usd,label_credit,label_deposit,n_vintages,rev_spread_c,rev_spread_d,doll_credit,doll_deposit,fx_credit,fx_deposit,fx_implied,fx0,doll_credit_constfx,doll_deposit_constfx
BM,2001,2007,37103329.27,7223987.8999999985,8675766.93089431,44831337.3,12605089.439999998,9357214.796747968,Créditos Directos (Miles S/.),Depósitos totales (Miles S/.),1,0,0,80.53008168773422,71.88330708127238,3.4440000069158154,3.4440000106869406,3.444000008872632,2.8089999997482193,77.13509452461265,67.5874270445318
BM,2002,2008,37893274.06,7705537.56,8590704.752418898,47417367.25,13480023.409999998,9657752.94251565,Créditos Directos (Miles S/.),Depósitos totales (Miles S/.),2,1.0555962770553151e-7,3.3742910687806216e-7,79.66515760079456,71.57154816519258,3.5139999999999993,3.5140000000000007,3.5140000000000002,2.8089999997482193,75.79677927763673,66.80504538416244
BM,2003,2009,35622600.830000006,7859132.189999999,8017172.578688999,45738630.87,13843068.73,9210384.678024836,Créditos Directos (Miles S/.),Depósitos totales (Miles S/.),3,1.4036033446629403e-7,2.6236028904946807e-7,77.93779228106968,69.73440510419894,3.4630000000000005,3.4629999999999987,3.4629999999999996,2.8089999997482193,74.13003561313134,65.14401350700763
BM,2004,2010,36145966.93,8776833.819999998,8339163.043875685,46965035.58,15472374.589999998,9595570.076173063,Créditos Directos (Miles S/.),Depósitos totales (Miles S/.),4,1.3832801570856645e-7,2.3421677930457463e-7,75.71835929303774,67.055545899365,3.282,3.282000000000001,3.282000000000001,2.8089999997482193,72.74405803382994,63.53119807847306
BM,2005,2011,43676259.78,12464090.02,9099757.947521864,55721026.93000001,18289644.25,10912939.556851313,Créditos Directos (Miles S/.),Depósitos totales (Miles S/.),5,1.1447865988500894e-7,1.2562583195929733e-7,71.46255177805429,67.17640492703676,3.430000000000001,3.4300000000000006,3.4300000000000006,2.8089999997482193,67.22159532756928,62.631558368934634
BM,2006,2012,50338760.49,17384038.98,10311239.521276595,60412210.62,22524346.53,11854775.998122651,Créditos Directos (Miles S/.),Depósitos totales (Miles S/.),6,1.1919245590519267e-7,8.276471730184198e-8,65.4658978274735,62.71557306240485,3.196,3.196,3.1959999999999997,2.8089999997482193,62.49261584146153,59.6514399352068
BM,2007,2012,66829331.41,25537501.380000003,13782319.769692922,75003815.95,30492773.290000003,14856823.31775701,Créditos Directos (Miles S/.),Depósitos totales (Miles S/.),6,7.481745223358871e-8,7.99959321007293e-8,61.78698658029863,59.3450374440582,2.996,2.9959999999999996,2.9959999999999996,2.8089999997482193,60.25417662990118,57.78120566965434
BM,2008,2012,91879149.17,39040434.59,16827616.108280253,99115308.71,41615021.02,18312193.531847127,Créditos Directos (Miles S/.),Depósitos totales (Miles S/.),5,0,0,57.508928910774756,58.01352832208718,3.14,3.1400000000000006,3.1400000000000006,2.8089999997482193,54.766779363576845,55.278619669298706
BM,2009,2013,90351876.16,43327935.87,16271259.615916954,101470458.20270996,44827689.18826,19599574.053442907,Créditos Directos* (Miles S/.),Depósitos totales (Miles S/.),5,0.39590490188529115,6.4995175907967e-8,52.04533905497154,55.821930853306434,2.89,2.889999999999998,2.8899999999999992,2.8089999997482193,51.33546451227248,55.11975276572213
BM,2010,2014,107449665.98999998,51661767.54,19860412.410110354,116754663.838,60977091.235000014,19856736.41972232,Créditos Directos* (Miles S/.),Depósitos totales (Miles S/.),5,0.4267909540963233,1.219795930929024e-7,51.92002965853053,47.77331437516942,2.8089999994964856,2.8089999999999997,2.8089999997482193,2.8089999997482193,51.920029660767646,47.77331437293303
BM,2011,2015,125758541.54,62145156.78999999,23595469.124629088,126071300.58524,66419891.82964001,22125893.45534124,Créditos Directos* (Miles S/.),Depósitos totales (Miles S/.),5,0.42315111507894576,0,50.583748802276396,47.315613052843986,2.6959999995761894,2.696000000000001,2.6959999997812836,2.8089999997482193,51.609702730174526,48.3401234962294
BM,2012,2016,141458377.8,71816902.88000003,27310382.313725494,140324939.83677,81899453.39971,22911955.465513725,Créditos Directos* (Miles S/.),Depósitos totales (Miles S/.),5,0.4584540214690347,0,49.23107136041255,41.635853544653,2.5500000007323216,2.55,2.5500000003982284,2.8089999997482193,51.648792422709526,44.003871844530316
BM,2013,2017,169555457.95195997,91735934.00048998,27842405.707144897,170320148.38233,89656680.54571998,28859916.93617532,Créditos Directos* (Miles S/),Depósitos totales (Miles S/),5,2.8104568605691327e-5,0,45.896206994126096,47.35990932531299,2.795,2.795,2.795,2.8089999997482193,46.020301759889755,47.484488279157674
BM,2014,2018,193128410.8779,110325316.98884,27730440.01643,177978399.29998004,94265419.71216,28035157.263168115,Créditos Directos* (Miles S/),Depósitos totales (Miles S/),5,2.610859166640722e-5,0,42.87463119106278,47.035471673572594,2.9860000000000007,2.9860000000000015,2.9860000000000015,2.8089999997482193,41.384951174499015,45.516412602377436
BM,2015,2019,226588912.78944,152065774.74942994,21847885.67575784,210766968.01016,99329193.57646996,32670118.567484614,Créditos Directos* (Miles S/),Depósitos totales (Miles S/),5,0,0,32.889137037901506,52.872504399417174,3.411000000000003,3.411000000000001,3.4110000000000014,2.8089999997482193,28.753617584702184,48.0222794175573
BM,2016,2020,235371431.00906995,160412489.75694996,22335798.94282479,210201236.48284,110114913.99502,29823099.66859953,Créditos Directos* (Miles S/),Depósitos totales (Miles S/),5,0,0,31.84708565978488,47.61452604299531,3.356,3.355999999999999,3.355999999999999,2.8089999997482193,28.115709241304458,43.2069475925619
BM,2017,2021,245551557.69968003,164707868.46756998,24944057.15276458,229357834.53615,131023368.3395,30340779.44975316,Créditos Directos (Miles S/),Depósitos totales (Miles S/),5,0,0,32.92330539030232,42.87382046291125,3.241000000000002,3.2410000000000005,3.241000000000001,2.8089999997482193,29.84459169908601,39.41133224557523
BM,2018,2022,270662412.20536005,184282099.97597,25609342.49314853,243860244.78294,147558880.06235996,28550656.602603026,Créditos Directos (Miles S/),Depósitos totales (Miles S/),5,0,0,31.914410104292802,39.49039123055827,3.3730000000000024,3.373000000000001,3.373000000000002,2.8089999997482193,28.076261012491166,35.21233459312757
BM,2019,2023,286085698.78613,200330879.38274,25876529.693237785,263121071.49049,160639549.26368,30923814.79384731,Créditos Directos (Miles S/),Depósitos totales (Miles S/),5,0,0,29.975220630478994,38.94842843497389,3.314,3.3139999999999996,3.3139999999999996,2.8089999997482193,26.623577290879474,35.0963234812459
BM,2020,2024,326021798.01666003,243371096.04114,22825380.274929583,329937958.30773,205050185.07489,34489857.28606462,Créditos Directos (Miles S/),Depósitos totales (Miles S/),5,0,0,25.35128095063647,37.851896118105444,3.621000000000001,3.6210000000000013,3.6210000000000018,2.8089999997482193,20.851733674056362,32.08733979829534
BM,2021,2025,350028574.10145,259006596.92324,22829690.78961876,331259594.9358501,188863770.11493,35715030.05290193,Créditos Directos (Miles S/),Depósitos totales (Miles S/),5,0,0,26.004156206924065,42.98617368305835,3.987000000000001,3.9870000000000023,3.987000000000002,2.8089999997482193,19.84574931812838,34.69153833647179
BM,2022,2025,356584531.66695,258836052.22407,25628861.940975357,325989814.28719,193777167.44393,34665088.31758259,Créditos Directos (Miles S/),Depósitos totales (Miles S/),4,0,0,27.41242840398278,40.55729383212676,3.8139999999999987,3.8140000000000005,3.814,2.8089999997482193,21.76102883113083,33.44453535228986
BM,2023,2025,350864836.56771,252543120.25983,26508955.59662443,335250933.85996,204192151.27143997,35335341.76018335,Créditos Directos (Miles S/),Depósitos totales (Miles S/),3,0,0,28.0226759881952,39.09274198868168,3.7089999999999987,3.709,3.7089999999999996,2.8089999997482193,22.77128842886891,32.7095932740162
BM,2024,2025,351491408.82086,254893943.11328003,25663513.73740169,372440046.98086005,227540613.85905,38496129.9473459,Créditos Directos (Miles S/),Depósitos totales (Miles S/),2,0,0,27.48216977240874,38.90543841791979,3.7640000000000016,3.7640000000000025,3.7640000000000025,2.8089999997482193,22.0466704673164,32.214263388849005
BM,2025,2025,370438645.64607006,273831233.42505,28726557.306280103,394549103.89966,255366276.32598,41386508.34780851,Créditos Directos (Miles S/),Depósitos totales (Miles S/),1,0,0,26.0791937764836,35.27642724264718,3.363000000000002,3.362999999999999,3.363,2.8089999997482193,22.760904542112353,31.2831375885925
SSFF,2001,2007,42218537.431679994,8995563.757139998,9646624.156370498,49480969.53,15498193.385999998,9867240.422183508,Créditos Directos (Miles S/.),Depósitos totales (Miles S/.),1,0,0,78.69285791414012,68.6784767291119,3.444000008293057,3.4440000131749096,3.44400001076158,2.8090000002386644,75.07666043115341,64.13723027984481
SSFF,2002,2008,43323778.695870005,10338687.188150002,9386764.80014798,52740599.22399999,16865734.652,10209124.807057483,Créditos Directos (Miles S/.),Depósitos totales (Miles S/.),2,1.3849208446714556e-7,3.2233231639366977e-7,76.13622934248906,68.02134427717097,3.514,3.5140000000000002,3.514,2.8090000002386644,71.83387908706297,62.96758428243121
SSFF,2003,2009,41278528.69747001,10931137.355349995,8763324.09532775,52205092.659,18401885.394,9761249.571181059,Créditos Directos (Miles S/.),Depósitos totales (Miles S/.),3,1.938053495464942e-7,2.4901785078412786e-7,73.51858774942244,64.75078492016128,3.463000000000002,3.462999999999999,3.4630000000000005,2.8090000002386644,69.24904895087523,59.83983143059869
SSFF,2004,2010,42582105.19149,12605132.119859995,9133751.697632542,54596949.509,21149304.237,10191238.656916514,Créditos Directos (Miles S/.),Depósitos totales (Miles S/.),4,1.878723288051276e-7,2.3810853289063516e-7,70.39805321231718,61.26284631797303,3.2820000000000005,3.2820000000000005,3.2819999999999996,2.8090000002386644,67.05560446442553,57.511462346855666
SSFF,2005,2011,51703397.980129994,17498991.06284,9972130.296586003,66360360.74300001,26603428.373,11590942.381924195,Créditos Directos (Miles S/.),Depósitos totales (Miles S/.),5,1.9341088730584488e-7,1.356231349447512e-7,66.15504638676748,59.91066342145186,3.4300000000000006,3.4300000000000015,3.4300000000000015,2.8090000002386644,61.54972541830125,55.033205412174105
SSFF,2006,2012,59593610.64242,23680789.00204,11236802.766076343,73006323.50800002,32555632.504,12656661.765957445,Créditos Directos (Miles S/.),Depósitos totales (Miles S/.),6,1.510228830881033e-7,9.588210225786042e-8,60.26287256845031,55.40710593318323,3.196000000000001,3.1960000000000015,3.196000000000001,2.8090000002386644,57.134939397711754,52.20012465582148
SSFF,2007,2012,78147576.78936002,33622715.16969,14861435.787606806,94703644.524,47924003.952,15614032.233644862,Créditos Directos (Miles S/.),Depósitos totales (Miles S/.),6,1.0237041214722353e-7,8.447404997724561e-8,56.97535796878629,49.39581872178637,2.9960000000000018,2.996,2.9960000000000013,2.8090000002386644,55.38889537550743,47.786000091397625
SSFF,2008,2012,104535369.26733,48877236.78829,17725519.897783436,119049473.843,58901208.735,19155498.44203821,Créditos Directos (Miles S/.),Depósitos totales (Miles S/.),5,1.4510911117149305e-5,0,53.24334994857536,50.52375551640178,3.140000000000001,3.140000000000001,3.140000000000001,2.8090000002386644,50.46304098147082,47.740458422947974
SSFF,2009,2013,105866260.92035,57153224.58239,16855721.912788924,125408840.12328996,64770473.6756,20982133.718923874,Créditos Directos* (Miles S/.),Depósitos totales (Miles S/.),5,0.4850151050735496,5.0454439959324304e-6,46.013749720139785,48.35254547293167,2.890000000593271,2.8899999999999983,2.890000000264285,2.8090000002386644,45.30841491603424,47.64299828187858
SSFF,2010,2014,126726539.36717996,69151145.24718001,20496758.316126727,145028338.96767002,84907417.83936001,21402962.30982912,Créditos Directos* (Miles S/.),Depósitos totales (Miles S/.),5,0.4994432035994034,1.9044742449736418e-7,45.43278338342363,41.45460229101312,2.8090000004878806,2.8090000000000006,2.8090000002386644,2.8090000002386644,45.43278338122412,41.45460229307517
SSFF,2011,2015,148889731.23816997,83069308.78816998,24414103.29376855,157867082.21491998,93605157.75138,23836025.39448813,Créditos Directos* (Miles S/.),Depósitos totales (Miles S/.),5,0.4977299235651378,0,44.20749631464578,40.70634837986928,2.695999998771201,2.6959999999999997,2.6959999993782393,2.8090000002386644,45.22247491847063,41.701024348862006
SSFF,2012,2016,167689407.94428,95664853.71428001,28244923.227450985,176901440.89124,114648145.30504,24413057.09262745,Créditos Directos* (Miles S/.),Depósitos totales (Miles S/.),5,0.5151887905485264,0,42.95116496203051,35.19094885409875,2.5499999999999994,2.55,2.55,2.8090000002386644,45.33588211744927,37.427476301708154
SSFF,2013,2017,198969985.80539,119033356.85313997,28599867.245885503,212104651.46345,127247233.20575002,30360435.87037567,Créditos Directos* (Miles S/),Depósitos totales (Miles S/),5,2.3949757954611073e-5,0,40.175219708984166,40.00733490388478,2.7950000000000017,2.795,2.7950000000000017,2.8090000002386644,40.295366597273436,40.127316483799135
SSFF,2014,2018,226268469.91951004,140964262.09072,28568053.52605157,221865694.42776003,133354759.3908,29641974.22537173,Créditos Directos* (Miles S/),Depósitos totales (Miles S/),5,2.2279837330607677e-5,0,37.70043959688025,39.89392558649008,2.986000000000002,2.9860000000000015,2.9860000000000015,2.8090000002386644,36.276372786056996,38.43812436699349
SSFF,2015,2019,258913323.05246,182040508.05808997,22536738.49145998,255739613.26796,139456170.89347997,34090718.960562885,Créditos Directos* (Miles S/),Depósitos totales (Miles S/),5,0,0,29.690559793554684,45.46946829572314,3.4110000000000023,3.411000000000001,3.4110000000000014,2.8090000002386644,25.802599247242647,40.71169574492301
SSFF,2016,2020,271328025.62493,194800379.27214992,22803231.928718705,256301628.08232,151645269.00019,31184850.739609662,Créditos Directos* (Miles S/),Depósitos totales (Miles S/),5,0.07939519548770813,0,28.204843998890116,40.833279080270245,3.3560000000000056,3.3559999999999994,3.3560000000000016,2.8090000002386644,24.745267883599254,36.614679328701264
SSFF,2017,2021,286604756.41735005,204177316.2656,25432718.34364394,280784353.75897,177864281.5237,31755653.2660506,Créditos Directos (Miles S/),Depósitos totales (Miles S/),5,0.042326593534003365,0,28.759969367612413,36.65448977389186,3.241000000000002,3.241000000000001,3.241000000000002,2.8090000002386644,25.920132917861046,33.400604933939434
SSFF,2018,2022,315643482.92535007,227562321.64582,26113596.58450341,298677890.92015994,198036890.43005997,29837237.026415657,Créditos Directos (Miles S/),Depósitos totales (Miles S/),5,0.051943700781198476,0,27.90526845769261,33.6954972395337,3.3730000000000033,3.3729999999999984,3.373,2.8090000002386644,24.376648482512206,29.736700806383126
SSFF,2019,2023,335321068.22719,248187522.53822,26292560.557926975,323665888.80417,217078871.05237,32162648.68792999,Créditos Directos (Miles S/),Depósitos totales (Miles S/),5,0.05389269383817563,0,25.985109181966003,32.93118658428944,3.3140000000000014,3.314,3.3140000000000005,2.8090000002386644,22.9334989566075,29.387735922236267
SSFF,2020,2024,376900815.2626101,292807741.73928994,23223715.41654792,404014859.89538,274498056.3024,35768241.80971555,Créditos Directos (Miles S/),Depósitos totales (Miles S/),5,0,0,22.311725026311578,32.05743561672918,3.621000000000005,3.621000000000001,3.6210000000000027,2.8090000002386644,18.219986917574662,26.794866405637297
SSFF,2021,2025,405492405.66277,312787680.80909,23251749.39896664,407634665.3932301,260189000.38032,36981606.47426887,Créditos Directos (Miles S/) 1/,Depósitos totales (Miles S/),5,0.12304371785305523,0,22.86225920856786,36.17103193877652,3.9869999999999983,3.9870000000000023,3.987000000000001,2.8090000002386644,17.27422517301087,28.533314358815367
SSFF,2022,2025,420040026.68247,320647153.09124005,26060008.80734924,405025585.55286,268119521.3021,35895664.46008391,Créditos Directos (Miles S/) 1/,Depósitos totales (Miles S/),4,0.15118547042717312,0,23.66271480750243,33.80183107787702,3.813999999999999,3.8139999999999996,3.813999999999999,2.8090000002386644,18.58642051288787,27.32912331462586
SSFF,2023,2025,419713536.59845,319952304.06534004,26897069.973877057,416569070.24453,280853593.5871399,36590853.776594795,Créditos Directos (Miles S/) 1/,Depósitos totales (Miles S/),3,0.20611328675268492,0,23.768886117331476,32.57934550390979,3.7089999999999983,3.7090000000000005,3.7089999999999996,2.8090000002386644,19.103082227492838,26.791896348550615
SSFF,2024,2025,425900438.10064,327776193.36431,26069140.47192613,453963545.93676007,304889592.43574,39605194.872747056,Créditos Directos (Miles S/) 1/,Depósitos totales (Miles S/),2,0.432493300214043,0,23.039244846501727,32.83830933900296,3.7640000000000007,3.764000000000004,3.7640000000000016,2.8090000002386644,18.26119961685153,26.733992419662943
SSFF,2025,2025,444243579.84057015,346245924.49398005,29139951.039723456,477139531.89510006,333427029.03735995,42733423.389158495,Créditos Directos (Miles S/) 1/,Depósitos totales (Miles S/),1,0,0,22.059442115462748,30.119596732415697,3.363000000000004,3.363000000000002,3.363000000000003,2.8090000002386644,19.120325507225118,26.471310752755986
